"주차장관리번호",주차장명,주차장구분,주차장유형,소재지도로명주소,소재지지번주소,주차구획수,급지구분,부제시행구분,운영요일,평일운영시작시각,평일운영종료시각,토요일운영시작시각,토요일운영종료시각,공휴일운영시작시각,공휴일운영종료시각,요금정보,주차기본시간,주차기본요금,추가단위시간,추가단위요금,1일주차권요금적용시간,1일주차권요금,월정기권요금,결제방법,특기사항,관리기관명,전화번호,위도,경도,데이터기준일자
406-2-000001,송악산공영주차장,공영,노외,,제주특별자치도 서귀포시 대정읍 상모리 165,15,2,미시행,평일+토요일+공휴일,00:00,23:59,00:00,23:59,00:00,23:59,무료,0,0,,,,,,,,제주특별자치도 서귀포시청,064-760-3132,33.20598643,126.288942,2022-04-25
406-2-000002,남원리 구오일장마당 공영주차장,공영,노외,,제주특별자치도 서귀포시 남원읍 남원리 84-2,37,2,미시행,평일+토요일+공휴일,00:00,23:59,00:00,23:59,00:00,23:59,무료,0,0,,,,,,,,제주특별자치도 서귀포시청,064-760-2632,33.27879026,126.721369,2022-04-25
406-2-000003,성산체육관 공영주차장,공영,노외,제주특별자치도 서귀포시 성산읍 일주동로 4024,제주특별자치도 서귀포시 성산읍 오조리 1365-1,152,2,미시행,평일+토요일+공휴일,00:00,23:59,00:00,23:59,00:00,23:59,무료,0,0,,,,,,,,제주특별자치도 서귀포시청,064-760-4293,33.46674615,126.9045603,2022-04-25
406-2-000004,군민체육관 공영주차장,공영,노외,제주특별자치도 서귀포시 남원읍 태위로 551-27,제주특별자치도 서귀포시 남원읍 남원리 2337-1,52,2,미시행,평일+토요일+공휴일,00:00,23:59,00:00,23:59,00:00,23:59,무료,0,0,,,,,,,,제주특별자치도 서귀포시청,064-760-4192,33.27740522,126.7033506,2022-04-25
406-2-000005,표선 시가지내 공영주차장,공영,노외,,제주특별자치도 서귀포시 표선면 표선리 634-28,21,2,미시행,평일+토요일+공휴일,00:00,23:59,00:00,23:59,00:00,23:59,무료,0,0,,,,,,,,제주특별자치도 서귀포시청,064-760-4482,33.325078,126.833875,2022-04-25
406-2-000006,성산일출봉 주차장,공영,노외,제주특별자치도 서귀포시 성산읍 일출로 284-6,제주특별자치도 서귀포시 성산읍 성산리 114-3,285,2,미시행,평일+토요일+공휴일,00:00,23:59,00:00,23:59,00:00,23:59,무료,0,0,,,,,,,,제주특별자치도 세계유산문화재부,064-710-7925,33.4626034733,126.935333,2022-04-25
406-2-000007,산방산 공영주차장,공영,노외,,제주특별자치도 서귀포시 안덕면 사계리 166-4,28,2,미시행,평일+토요일+공휴일,00:00,23:59,00:00,23:59,00:00,23:59,무료,0,0,,,,,,,,제주특별자치도 서귀포시청,064-760-6321,33.236268,126.3125765,2022-04-25
406-2-000008,하모리 삼성의원 앞 공영주차장,공영,노외,,제주특별자치도 서귀포시 대정읍 하모리 841-58,6,2,미시행,평일+토요일+공휴일,00:00,23:59,00:00,23:59,00:00,23:59,무료,0,0,,,,,,,,제주특별자치도 서귀포시청,064-760-3132,33.22033253,126.2531986,2022-04-25
406-2-000009,돔베낭골공영주차장,공영,노외,제주특별자치도 서귀포시 태평로92번길 49,제주특별자치도 서귀포시 호근동 1619,57,1,미시행,평일+토요일+공휴일,00:00,23:59,00:00,23:59,00:00,23:59,무료,0,0,,,,,,,,제주특별자치도 서귀포시청,064-760-3132,33.240168,126.531879,2022-04-25
406-2-000010,천지연 공영주차장,공영,노외,,제주특별자치도 서귀포시 서홍동 684,190,1,미시행,평일+토요일+공휴일,00:00,23:59,00:00,23:59,00:00,23:59,무료,0,0,,,,,,,,제주특별자치도 서귀포시청,064-760-6302,33.24390527,126.5605745,2022-04-25
406-2-000011,문부공원 공영주차장,공영,노외,제주특별자치도 서귀포시 태평로537번길 40-9,제주특별자치도 서귀포시 동홍동 646-1,35,1,미시행,평일+토요일+공휴일,00:00,23:59,00:00,23:59,00:00,23:59,무료,0,0,,,,,,,,제주특별자치도 서귀포시청,064-760-3192,33.253988,126.570694,2022-04-25
406-2-000012,용머리 공영주차장,공영,노외,제주특별자치도 서귀포시 안덕면 사계남로216번길 28,제주특별자치도 서귀포시 안덕면 사계리 118,70,2,미시행,평일+토요일+공휴일,00:00,23:59,00:00,23:59,00:00,23:59,무료,0,0,,,,,,,,제주특별자치도 서귀포시청,064-760-6321,33.233793,126.310842,2022-04-25
406-2-000013,월드컵경기장 공영주차장,공영,노외,제주특별자치도 서귀포시 월드컵로 31,제주특별자치도 서귀포시 법환동 914,723,1,미시행,평일+토요일+공휴일,00:00,23:59,00:00,23:59,00:00,23:59,무료,0,0,,,,,,,,제주특별자치도 서귀포시청,064-760-3602,33.247067,126.507363,2022-04-25
406-2-000014,매일올레시장공영주차장,공영,노외,제주특별자치도 서귀포시 중앙로62번길 18(서귀동),제주특별자치도 서귀포시 서귀동 277-1,234,1,미시행,평일+토요일+공휴일,00:00,23:59,00:00,23:59,00:00,23:59,유료,30,1000,15,500,,,,현금+신용카드,"①유공납세자(선정일로부터 1년간), 감면액 이상의 자원봉사마일리지 소지자, 장애정도가 심한 장애인 1일 1차례 3시간 면제, ②경차, 저공해차, 전기차, 4.3 희생자 및 유족 50 감면. ③최근 2년 이내 헌혈증 소지자, 장애정도가 심하지 않은 장애인, 국가유공자, 5.18민주유공자, 고엽제 후유의증 환자, 임산부, 다자녀가정, 의사상자, 장기등 기증자 1일 1차례 3시간 50 감면. 365일 24시간 유료운영",제주특별자치도 서귀포시청,064-762-1949,33.250138,126.563232,2022-04-25
406-2-000015,산방산 남측 공영주차장,공영,노외,,제주특별자치도 서귀포시 안덕면 사계리 163-1,37,2,미시행,평일+토요일+공휴일,00:00,23:59,00:00,23:59,00:00,23:59,무료,0,0,,,,,,,,제주특별자치도 서귀포시청,064-760-6321,33.235943,126.3118281,2022-04-25
406-2-000016,대정하모 공영노외2주차장,공영,노외,,제주특별자치도 서귀포시 대정읍 하모리 964-2,14,2,미시행,평일+토요일+공휴일,00:00,23:59,00:00,23:59,00:00,23:59,혼합,30,1000,15,500,,,,신용,"①유공납세자(선정일로부터 1년간), 감면액 이상의 자원봉사마일리지 소지자, 장애정도가 심한 장애인 1일 1차례 3시간 면제, ②경차, 저공해차, 전기차, 4.3 희생자 및 유족 50 감면. ③최근 2년 이내 헌혈증 소지자, 장애정도가 심하지 않은 장애인, 국가유공자, 5.18민주유공자, 고엽제 후유의증 환자, 임산부, 다자녀가정, 의사상자, 장기등 기증자 1일 1차례 3시간 50 감면. 유료운영시간(평일 09:00 ~ 18:00) 이외는 무료",제주특별자치도 서귀포시청,064-760-2632,33.223027,126.252066,2022-04-25
406-2-000017,걸매생태공원 공영주차장,공영,노외,,제주특별자치도 서귀포시 서홍동 477-1,79,1,미시행,평일+토요일+공휴일,00:00,23:59,00:00,23:59,00:00,23:59,무료,0,0,,,,,,,,제주특별자치도 서귀포시청,064-760-3192,33.25014681,126.5545605,2022-04-25
406-2-000018,제일교회 부근 공영주차장,공영,노외,,제주특별자치도 서귀포시 대정읍 하모리 1129-1,5,2,미시행,평일+토요일+공휴일,00:00,23:59,00:00,23:59,00:00,23:59,무료,0,0,,,,,,,,제주특별자치도 서귀포시청,064-760-2972,33.222216,126.249797,2022-04-25
406-2-000019,대정하모 공영노외3주차장,공영,노외,,제주특별자치도 서귀포시 대정읍 하모리 1512-1,14,2,미시행,평일+토요일+공휴일,00:00,23:59,00:00,23:59,00:00,23:59,혼합,30,1000,15,500,,,,신용,"①유공납세자(선정일로부터 1년간), 감면액 이상의 자원봉사마일리지 소지자, 장애정도가 심한 장애인 1일 1차례 3시간 면제, ②경차, 저공해차, 전기차, 4.3 희생자 및 유족 50 감면. ③최근 2년 이내 헌혈증 소지자, 장애정도가 심하지 않은 장애인, 국가유공자, 5.18민주유공자, 고엽제 후유의증 환자, 임산부, 다자녀가정, 의사상자, 장기등 기증자 1일 1차례 3시간 50 감면. 유료운영시간(평일 09:00 ~ 18:00) 이외는 무료",제주특별자치도 서귀포시청,064-760-2632,33.223864,126.2524395,2022-04-25
406-2-000020,고성오일장 옆 공영주차장,공영,노외,제주특별자치도 서귀포시 성산읍 고성오조로 93,제주특별자치도 서귀포시 성산읍 고성리 1188-2,97,2,미시행,평일+토요일+공휴일,00:00,23:59,00:00,23:59,00:00,23:59,무료,0,0,,,,,,,,제주특별자치도 서귀포시청,064-760-2632,33.451862,126.912815,2022-04-25
406-2-000021,동부소방서 공영주차장,공영,노외,,제주특별자치도 서귀포시 성산읍 오조리 933,67,2,미시행,평일+토요일+공휴일,00:00,23:59,00:00,23:59,00:00,23:59,무료,0,0,,,,,,,,제주특별자치도 서귀포시청,064-780-9173,33.460288,126.909648,2022-04-25
406-2-000022,표선민속촌 공영주차장,공영,노외,제주특별자치도 서귀포시 표선면 민속해안로 631-34,제주특별자치도 서귀포시 표선면 표선리 40-77,175,2,미시행,평일+토요일+공휴일,00:00,23:59,00:00,23:59,00:00,23:59,무료,0,0,,,,,,,,제주특별자치도 서귀포시청,064-760-2673,33.321287,126.843088,2022-04-25
406-2-000023,성읍민속마을 공영주차장,공영,노외,,제주특별자치도 서귀포시 표선면 성읍리 778,69,2,미시행,평일+토요일+공휴일,00:00,23:59,00:00,23:59,00:00,23:59,무료,0,0,,,,,,,,제주특별자치도 세계유산문화재부,064-710-6793,33.38479295,126.8007251,2022-04-25
406-2-000024,매일올레시장 입구 공영주차장,공영,노외,,제주특별자치도 서귀포시 서귀동 276-19,22,1,미시행,평일+토요일+공휴일,00:00,23:59,00:00,23:59,00:00,23:59,무료,0,0,,,,,,,,제주특별자치도 서귀포시청,064-760-2632,33.249572,126.562917,2022-04-25
406-2-000025,하모3리마을회관 옆 공영주차장,공영,노외,,제주특별자치도 서귀포시 대정읍 하모리 1077-1,10,2,미시행,평일+토요일+공휴일,00:00,23:59,00:00,23:59,00:00,23:59,무료,0,0,,,,,,,,제주특별자치도 서귀포시청,064-760-2632,33.221643,126.2495852,2022-04-25
406-2-000026,중앙로터리 공영주차빌딩,공영,노외,제주특별자치도 서귀포시 서문로 7(서귀동),제주특별자치도 서귀포시 서귀동 298-2,120,1,미시행,평일+토요일+공휴일,00:00,23:59,00:00,23:59,00:00,23:59,혼합,30,1000,15,500,,,100000,현금+신용카드,"①유공납세자(선정일로부터 1년간) 차량, 감면액 이상의 자원봉사마일리지 소지자 차량, 장애정도가 심한 장애인 1일 1차례 3시간 면제, ②경차, 저공해차, 전기차, 4.3 희생자 및 유족 50 감면. ③최근 2년 이내 헌혈증 소지자, 장애정도가 심하지 않은 장애인, 국가유공자, 5.18민주유공자, 고엽제 후유의증 환자, 임산부, 다자녀가정, 의사상자, 장기등 기증자 1일 1차례 3시간 50 감면. 유료운영시간(평일 09:00 ~ 18:00) 이외는 무료",제주특별자치도 서귀포시청,064-760-3132,33.251679,126.560439,2022-04-25
406-2-000027,정방폭포 공영주차장,공영,노외,제주특별자치도 서귀포시 칠십리로214번길 35-1,제주특별자치도 서귀포시 동홍동 277,62,1,미시행,평일+토요일+공휴일,00:00,23:59,00:00,23:59,00:00,23:59,무료,0,0,,,,,,,,제주특별자치도 서귀포시청,064-760-3152,33.244605,126.573225,2022-04-25
406-2-000028,상모아파트 앞 공영주차장,공영,노외,,제주특별자치도 서귀포시 대정읍 상모리 3970-2,13,2,미시행,평일+토요일+공휴일,00:00,23:59,00:00,23:59,00:00,23:59,무료,0,0,,,,,,,,제주특별자치도 서귀포시청,064-760-3132,33.222557,126.2572262,2022-04-25
406-2-000029,천지동노인회관 공영주차장,공영,노외,제주특별자치도 서귀포시 서문로 37,제주특별자치도 서귀포시 서귀동 321-5,19,1,미시행,평일+토요일+공휴일,00:00,23:59,00:00,23:59,00:00,23:59,무료,0,0,,,,,,,,제주특별자치도 서귀포시청,064-760-3132,33.2495997186,126.558497,2022-04-25
406-2-000030,고성리 회전교차로 공영주차장,공영,노외,제주특별자치도 서귀포시 성산읍 고성오조로 42,제주특별자치도 서귀포시 성산읍 고성리 346-2,65,2,미시행,평일+토요일+공휴일,00:00,23:59,00:00,23:59,00:00,23:59,무료,0,0,,,,,,,,제주특별자치도 서귀포시청,064-760-3132,33.446556,126.915749,2022-04-25
406-2-000031,법환동 재활용도움센터 옆 공영주차장,공영,노외,,제주특별자치도 서귀포시 법환동 1063,20,1,미시행,평일+토요일+공휴일,00:00,23:59,00:00,23:59,00:00,23:59,무료,0,0,,,,,,,,제주특별자치도 서귀포시청,064-760-2173,33.240292,126.507801,2022-04-25
406-2-000032,회수사거리 공영주차장,공영,노외,,제주특별자치도 서귀포시 회수동 788-2,18,1,미시행,평일+토요일+공휴일,00:00,23:59,00:00,23:59,00:00,23:59,무료,0,0,,,,,,,,제주특별자치도 서귀포시청,064-760-2173,33.263075,126.4424805,2022-04-25
406-2-000033,하모리 제주은행 맞은편 공영주차장,공영,노외,,제주특별자치도 서귀포시 대정읍 하모리 846-11,17,2,미시행,평일+토요일+공휴일,00:00,23:59,00:00,23:59,00:00,23:59,무료,0,0,,,,,,,,제주특별자치도 서귀포시청,064-760-3132,33.22124006,126.253279,2022-04-25
406-2-000034,성산읍사무소 옆 공영주차장,공영,노외,,제주특별자치도 서귀포시 성산읍 고성리 1022-8,31,2,미시행,평일+토요일+공휴일,00:00,23:59,00:00,23:59,00:00,23:59,무료,0,0,,,,,,,,제주특별자치도 서귀포시청,064-760-4293,33.442407,126.9113794,2022-04-25
406-2-000035,쇠소깍 공영주차장,공영,노외,제주특별자치도 서귀포시 쇠소깍로 104,제주특별자치도 서귀포시 하효동 990-1,55,1,미시행,평일+토요일+공휴일,00:00,23:59,00:00,23:59,00:00,23:59,혼합,30,1000,15,500,,,,신용,"①유공납세자(선정일로부터 1년간), 감면액 이상의 자원봉사마일리지 소지자, 장애정도가 심한 장애인 1일 1차례 3시간 면제, ②경차, 저공해차, 전기차, 4.3 희생자 및 유족 50 감면. ③최근 2년 이내 헌혈증 소지자, 장애정도가 심하지 않은 장애인, 국가유공자, 5.18민주유공자, 고엽제 후유의증 환자, 임산부, 다자녀가정, 의사상자, 장기등 기증자 1일 1차례 3시간 50 감면. 유료운영시간(09:00 ~ 18:00) 이외는 무료",제주특별자치도 서귀포시청,064-760-3132,33.254249,126.622494,2022-04-25
406-2-000036,고성리 원광어린이집 인근 공영주차장,공영,노외,,제주특별자치도 서귀포시 성산읍 고성리 1089,16,2,미시행,평일+토요일+공휴일,00:00,23:59,00:00,23:59,00:00,23:59,무료,0,0,,,,,,,,제주특별자치도 서귀포시청,064-760-3132,33.449139,126.9106733,2022-04-25
406-2-000037,천지공영주차빌딩,공영,노외,,제주특별자치도 서귀포시 서귀동 305-1,220,1,미시행,평일+토요일+공휴일,00:00,23:59,00:00,23:59,00:00,23:59,혼합,30,1000,15,500,,,100000,현금+신용카드,"①유공납세자(선정일로부터 1년간), 감면액 이상의 자원봉사마일리지 소지자, 장애정도가 심한 장애인 1일 1차례 3시간 면제, ②경차, 저공해차, 전기차, 4.3 희생자 및 유족 50 감면. ③최근 2년 이내 헌혈증 소지자, 장애정도가 심하지 않은 장애인, 국가유공자, 5.18민주유공자, 고엽제 후유의증 환자, 임산부, 다자녀가정, 의사상자, 장기등 기증자 1일 1차례 3시간 50 감면. 유료운영시간(평일 09:00 ~ 18:00) 이외는 무료",제주특별자치도 서귀포시청,064-760-3132,33.251523,126.559351,2022-04-25
406-2-000038,표선 공영노외1주차장,공영,노외,,제주특별자치도 서귀포시 표선면 표선리 709,60,2,미시행,평일+토요일+공휴일,00:00,23:59,00:00,23:59,00:00,23:59,혼합,30,1000,15,500,,,75000,신용,"①유공납세자(선정일로부터 1년간), 감면액 이상의 자원봉사마일리지 소지자, 장애정도가 심한 장애인 1일 1차례 3시간 면제, ②경차, 저공해차, 전기차, 4.3 희생자 및 유족 50 감면. ③최근 2년 이내 헌혈증 소지자, 장애정도가 심하지 않은 장애인, 국가유공자, 5.18민주유공자, 고엽제 후유의증 환자, 임산부, 다자녀가정, 의사상자, 장기등 기증자 1일 1차례 3시간 50 감면. 유료운영시간(평일 09:00 ~ 18:00) 이외는 무료",제주특별자치도 서귀포시청,064-760-4489,33.32606678,126.8308728,2022-04-25
406-2-000039,고성리 구보건지소 공영주차장,공영,노외,,제주특별자치도 서귀포시 성산읍 고성리 1192-2,33,2,미시행,평일+토요일+공휴일,00:00,23:59,00:00,23:59,00:00,23:59,무료,0,0,,,,,,,,제주특별자치도 서귀포시청,064-760-3132,33.4509482,126.9138794,2022-04-25
406-2-000040,동광육거리 공영주차장,공영,노외,,제주특별자치도 서귀포시 안덕면 동광리 827,43,2,미시행,평일+토요일+공휴일,00:00,23:59,00:00,23:59,00:00,23:59,무료,0,0,,,,,,,,제주특별자치도 서귀포시청,064-760-3132,33.310947,126.3416552,2022-04-25
406-2-000041,화순사거리 공영주차장,공영,노외,,제주특별자치도 서귀포시 안덕면 화순리 1072,38,2,미시행,평일+토요일+공휴일,00:00,23:59,00:00,23:59,00:00,23:59,무료,0,0,,,,,,,,제주특별자치도 서귀포시청,064-760-3132,33.24631514,126.3352378,2022-04-25
406-2-000042,중앙공영주차빌딩,공영,노외,,제주특별자치도 서귀포시 서귀동 291-2,306,1,미시행,평일+토요일+공휴일,00:00,23:59,00:00,23:59,00:00,23:59,혼합,30,1000,15,500,,,100000,현금+신용카드,"①유공납세자(선정일로부터 1년간), 감면액 이상의 자원봉사마일리지 소지자, 장애정도가 심한 장애인 1일 1차례 3시간 면제, ②경차, 저공해차, 전기차, 4.3 희생자 및 유족 50 감면. ③최근 2년 이내 헌혈증 소지자, 장애정도가 심하지 않은 장애인, 국가유공자, 5.18민주유공자, 고엽제 후유의증 환자, 임산부, 다자녀가정, 의사상자, 장기등 기증자 1일 1차례 3시간 50 감면. 유료운영시간(09:00 ~ 20:00) 이외는 무료",제주특별자치도 서귀포시청,064-760-3132,33.24985968,126.562164,2022-04-25
406-2-000043,성산고성 공영노외1주차장,공영,노외,,제주특별자치도 서귀포시 성산읍 고성리 327-1,55,2,미시행,평일+토요일+공휴일,00:00,23:59,00:00,23:59,00:00,23:59,혼합,30,1000,15,500,,,75000,신용,"①유공납세자(선정일로부터 1년간), 감면액 이상의 자원봉사마일리지 소지자, 장애정도가 심한 장애인 1일 1차례 3시간 면제, ②경차, 저공해차, 전기차, 4.3 희생자 및 유족 50 감면. ③최근 2년 이내 헌혈증 소지자, 장애정도가 심하지 않은 장애인, 국가유공자, 5.18민주유공자, 고엽제 후유의증 환자, 임산부, 다자녀가정, 의사상자, 장기등 기증자 1일 1차례 3시간 50 감면. 유료운영시간(평일 09:00 ~ 18:00) 이외는 무료",제주특별자치도 서귀포시청,064-760-3132,33.44855946,126.916654,2022-04-25
406-2-000044,남원의례회관 공영주차장,공영,노외,,제주특별자치도 서귀포시 남원읍 남원리 380-1,181,2,미시행,평일+토요일+공휴일,00:00,23:59,00:00,23:59,00:00,23:59,무료,0,0,,,,,,,,제주특별자치도 서귀포시청,064-760-4192,33.294469,126.7115719,2022-04-25
406-2-000045,동홍 공영노외3주차장(퐁낭),공영,노외,,제주특별자치도 서귀포시 동홍동 470-1,20,1,미시행,평일+토요일+공휴일,00:00,23:59,00:00,23:59,00:00,23:59,혼합,30,1000,15,500,,,,신용,"①유공납세자(선정일로부터 1년간), 감면액 이상의 자원봉사마일리지 소지자, 장애정도가 심한 장애인 1일 1차례 3시간 면제, ②경차, 저공해차, 전기차, 4.3 희생자 및 유족 50 감면. ③최근 2년 이내 헌혈증 소지자, 장애정도가 심하지 않은 장애인, 국가유공자, 5.18민주유공자, 고엽제 후유의증 환자, 임산부, 다자녀가정, 의사상자, 장기등 기증자 1일 1차례 3시간 50 감면. 유료운영시간(평일 09:00 ~ 18:00) 이외는 무료",제주특별자치도 서귀포시청,064-760-3132,33.25544697,126.572263,2022-04-25
406-2-000046,서귀포향토오일시장 공영주차장,공영,노외,,제주특별자치도 서귀포시 동홍동 826-1,256,1,미시행,평일+토요일+공휴일,00:00,23:59,00:00,23:59,00:00,23:59,무료,0,0,,,,,,,,제주특별자치도 서귀포시청,064-760-3132,33.268613,126.5734500301,2022-04-25
406-2-000047,성산포항 공영주차장,공영,노외,제주특별자치도 서귀포시 성산읍 성산등용로 112-7,제주특별자치도 서귀포시 성산읍 성산리 347-9,1134,2,미시행,평일+토요일+공휴일,00:00,23:59,00:00,23:59,00:00,23:59,혼합,30,1000,15,500,4,8000,75000,현금+신용카드,"①유공납세자(선정일로부터 1년간), 감면액 이상의 자원봉사마일리지 소지자, 장애정도가 심한 장애인 1일 1차례 3시간 면제, ②경차, 저공해차, 전기차, 4.3 희생자 및 유족 50 감면. ③최근 2년 이내 헌혈증 소지자, 장애정도가 심하지 않은 장애인, 국가유공자, 5.18민주유공자, 고엽제 후유의증 환자, 임산부, 다자녀가정, 의사상자, 장기등 기증자 1일 1차례 3시간 50 감면. 유료운영시간(08:00 ~ 19:00) 이외는 무료",제주특별자치도 서귀포시청,064-760-2764,33.47292799,126.934506,2022-04-25
406-2-000048,외돌개 공영주차장,공영,노외,,제주특별자치도 서귀포시 서홍동 780-1,30,1,미시행,평일+토요일+공휴일,00:00,23:59,00:00,23:59,00:00,23:59,무료,0,0,,,,,,,,제주특별자치도 서귀포시청,064-760-3192,33.24153618,126.5474759,2022-04-25
406-2-000049,표선의례회관앞 공영주차장,공영,노외,,제주특별자치도 서귀포시 표선면 표선리 2103,165,2,미시행,평일+토요일+공휴일,00:00,23:59,00:00,23:59,00:00,23:59,무료,0,0,,,,,,,,제주특별자치도 서귀포시청,064-760-2975,33.327011,126.8234824,2022-04-25
406-2-000050,국토교통인재개발원 동측 공영주차장,공영,노외,,제주특별자치도 서귀포시 서호동 1603,112,1,미시행,평일+토요일+공휴일,00:00,23:59,00:00,23:59,00:00,23:59,무료,0,0,,,,,,,,제주특별자치도 서귀포시청,064-760-3132,33.252158,126.515699,2022-04-25
406-2-000051,홍로공영주차빌딩,공영,노외,,제주특별자치도 서귀포시 동홍동 1480-6,244,1,미시행,평일+토요일+공휴일,00:00,23:59,00:00,23:59,00:00,23:59,혼합,30,1000,15,500,,,100000,현금+신용카드,"①유공납세자(선정일로부터 1년간), 감면액 이상의 자원봉사마일리지 소지자, 장애정도가 심한 장애인 1일 1차례 3시간 면제, ②경차, 저공해차, 전기차, 4.3 희생자 및 유족 50 감면. ③최근 2년 이내 헌혈증 소지자, 장애정도가 심하지 않은 장애인, 국가유공자, 5.18민주유공자, 고엽제 후유의증 환자, 임산부, 다자녀가정, 의사상자, 장기등 기증자 1일 1차례 3시간 50 감면. 유료운영시간(평일 09:00 ~ 18:00) 이외는 무료",제주특별자치도 서귀포시청,064-760-3132,33.25595698,126.561302,2022-04-25
406-2-000052,표선공영주차빌딩,공영,노외,,제주특별자치도 서귀포시 표선면 표선리 701,169,2,미시행,평일+토요일+공휴일,00:00,23:59,00:00,23:59,00:00,23:59,혼합,30,1000,15,500,,,75000,현금+신용카드,"①유공납세자(선정일로부터 1년간), 감면액 이상의 자원봉사마일리지 소지자, 장애정도가 심한 장애인 1일 1차례 3시간 면제, ②경차, 저공해차, 전기차, 4.3 희생자 및 유족 50 감면. ③최근 2년 이내 헌혈증 소지자, 장애정도가 심하지 않은 장애인, 국가유공자, 5.18민주유공자, 고엽제 후유의증 환자, 임산부, 다자녀가정, 의사상자, 장기등 기증자 1일 1차례 3시간 50 감면. 유료운영시간(평일 09:00 ~ 18:00) 이외는 무료",제주특별자치도 서귀포시청,064-760-4489,33.326236,126.831774,2022-04-25
406-2-000053,정방공영주차빌딩,공영,노외,,제주특별자치도 서귀포시 서귀동 403-6,137,1,미시행,평일+토요일+공휴일,00:00,23:59,00:00,23:59,00:00,23:59,혼합,30,1000,15,500,,,100000,현금+신용카드,"①유공납세자(선정일로부터 1년간), 감면액 이상의 자원봉사마일리지 소지자, 장애정도가 심한 장애인 1일 1차례 3시간 면제, ②경차, 저공해차, 전기차, 4.3 희생자 및 유족 50 감면. ③최근 2년 이내 헌혈증 소지자, 장애정도가 심하지 않은 장애인, 국가유공자, 5.18민주유공자, 고엽제 후유의증 환자, 임산부, 다자녀가정, 의사상자, 장기등 기증자 1일 1차례 3시간 50 감면. 유료운영시간(09:00 ~ 18:00) 이외는 무료",제주특별자치도 서귀포시청,064-760-3132,33.24771548,126.5657547,2022-04-25
406-2-000054,나포리 호텔 아래 공영주차장,공영,노외,,제주특별자치도 서귀포시 서귀동 600-3,3,1,미시행,평일+토요일+공휴일,00:00,23:59,00:00,23:59,00:00,23:59,무료,0,0,,,,,,,,제주특별자치도 서귀포시청,064-760-2173,33.243655,126.5628782,2022-04-25
406-2-000055,자구리 공영주차장,공영,노외,,제주특별자치도 서귀포시 서귀동 28-3,70,1,미시행,평일+토요일+공휴일,00:00,23:59,00:00,23:59,00:00,23:59,혼합,30,1000,15,500,,,100000,신용,"①유공납세자(선정일로부터 1년간), 감면액 이상의 자원봉사마일리지 소지자, 장애정도가 심한 장애인 1일 1차례 3시간 면제, ②경차, 저공해차, 전기차, 4.3 희생자 및 유족 50 감면. ③최근 2년 이내 헌혈증 소지자, 장애정도가 심하지 않은 장애인, 국가유공자, 5.18민주유공자, 고엽제 후유의증 환자, 임산부, 다자녀가정, 의사상자, 장기등 기증자 1일 1차례 3시간 50 감면. 유료운영시간(평일 09:00 ~ 18:00) 이외는 무료",제주특별자치도 서귀포시청,064-760-3132,33.242873,126.566663,2022-04-25
406-2-000056,이중섭거리 공영주차장,공영,노외,,제주특별자치도 서귀포시 서귀동 550,24,1,미시행,평일+토요일+공휴일,00:00,23:59,00:00,23:59,00:00,23:59,무료,0,0,,,,,,,,제주특별자치도 서귀포시청,064-760-3561,33.245253,126.5649581390,2022-04-25
406-2-000057,서홍공영노외1주차장,공영,노외,,제주특별자치도 서귀포시 서홍동 397-4,48,1,미시행,평일+토요일+공휴일,00:00,23:59,00:00,23:59,00:00,23:59,혼합,30,1000,15,500,,,100000,신용,"①유공납세자(선정일로부터 1년간), 감면액 이상의 자원봉사마일리지 소지자, 장애정도가 심한 장애인 1일 1차례 3시간 면제, ②경차, 저공해차, 전기차, 4.3 희생자 및 유족 50 감면. ③최근 2년 이내 헌혈증 소지자, 장애정도가 심하지 않은 장애인, 국가유공자, 5.18민주유공자, 고엽제 후유의증 환자, 임산부, 다자녀가정, 의사상자, 장기등 기증자 1일 1차례 3시간 50 감면. 유료운영시간(평일 09:00 ~ 18:00) 이외는 무료",제주특별자치도 서귀포시청,064-760-3132,33.256238,126.559648,2022-04-25
406-2-000058,효돈중학교 북측 공영주차장,공영,노외,,제주특별자치도 서귀포시 하효동 11-2,22,1,미시행,평일+토요일+공휴일,00:00,23:59,00:00,23:59,00:00,23:59,무료,0,0,,,,,,,,제주특별자치도 서귀포시청,064-760-2972,33.26634521,126.620924,2022-04-25
406-2-000059,효돈동주민센터 남측 공영주차장,공영,노외,,제주특별자치도 서귀포시 하효동 149,93,1,미시행,평일+토요일+공휴일,00:00,23:59,00:00,23:59,00:00,23:59,무료,0,0,,,,,,,,제주특별자치도 서귀포시청,064-760-4632,33.26336085,126.6177094,2022-04-25
406-2-000060,중앙여중 후문 공영주차장,공영,노외,,제주특별자치도 서귀포시 동홍동 1530-12,25,1,미시행,평일+토요일+공휴일,00:00,23:59,00:00,23:59,00:00,23:59,무료,0,0,,,,,,,,제주특별자치도 서귀포시청,064-760-3132,33.25502147,126.5636737,2022-04-25
406-2-000061,동홍 공영노외1주차장,공영,노외,,제주특별자치도 서귀포시 동홍동 514-2,80,1,미시행,평일+토요일+공휴일,00:00,23:59,00:00,23:59,00:00,23:59,혼합,30,1000,15,500,,,100000,신용,"①유공납세자(선정일로부터 1년간), 감면액 이상의 자원봉사마일리지 소지자, 장애정도가 심한 장애인 1일 1차례 3시간 면제, ②경차, 저공해차, 전기차, 4.3 희생자 및 유족 50 감면. ③최근 2년 이내 헌혈증 소지자, 장애정도가 심하지 않은 장애인, 국가유공자, 5.18민주유공자, 고엽제 후유의증 환자, 임산부, 다자녀가정, 의사상자, 장기등 기증자 1일 1차례 3시간 50 감면. 유료운영시간(평일 09:00 ~ 18:00) 이외는 무료",제주특별자치도 서귀포시청,064-760-3132,33.25616185,126.5684382,2022-04-25
406-2-000062,동홍 공영노외2주차장,공영,노외,,제주특별자치도 서귀포시 동홍동 429,28,1,미시행,평일+토요일+공휴일,00:00,23:59,00:00,23:59,00:00,23:59,혼합,30,1000,15,500,,,100000,신용,"①유공납세자(선정일로부터 1년간), 감면액 이상의 자원봉사마일리지 소지자, 장애정도가 심한 장애인 1일 1차례 3시간 면제, ②경차, 저공해차, 전기차, 4.3 희생자 및 유족 50 감면. ③최근 2년 이내 헌혈증 소지자, 장애정도가 심하지 않은 장애인, 국가유공자, 5.18민주유공자, 고엽제 후유의증 환자, 임산부, 다자녀가정, 의사상자, 장기등 기증자 1일 1차례 3시간 50 감면. 유료운영시간(평일 09:00 ~ 18:00) 이외는 무료",제주특별자치도 서귀포시청,064-760-3132,33.25181564,126.5694961,2022-04-25
406-2-000063,시민회관 옆 공영주차장,공영,노외,,제주특별자치도 서귀포시 동홍동 452-3,44,1,미시행,평일+토요일+공휴일,00:00,23:59,00:00,23:59,00:00,23:59,무료,0,0,,,,,,,,제주특별자치도 서귀포시청,064-760-2972,33.251633,126.567538,2022-04-25
406-2-000064,신시가지 공영주차장,공영,노외,,제주특별자치도 서귀포시 강정동 118-8,10,1,미시행,평일+토요일+공휴일,00:00,23:59,00:00,23:59,00:00,23:59,무료,0,0,,,,,,,,제주특별자치도 서귀포시청,064-760-3132,33.260036,126.5073823,2022-04-25
406-2-000065,강정마을 공영주차장,공영,노외,,제주특별자치도 서귀포시 강정동 5356-11,20,1,미시행,평일+토요일+공휴일,00:00,23:59,00:00,23:59,00:00,23:59,무료,0,0,,,,,,,,제주특별자치도 서귀포시청,064-760-2972,33.235151,126.474661,2022-04-25
406-2-000066,법환 노인회관 앞 공영주차장,공영,노외,,제주특별자치도 서귀포시 법환동 1134,40,1,미시행,평일+토요일+공휴일,00:00,23:59,00:00,23:59,00:00,23:59,무료,0,0,,,,,,,,제주특별자치도 서귀포시청,064-760-4752,33.23938649,126.509485,2022-04-25
406-2-000067,동일다목적회관 앞 공영주차장,공영,노외,,제주특별자치도 서귀포시 대정읍 동일리 2829-6,8,2,미시행,평일+토요일+공휴일,00:00,23:59,00:00,23:59,00:00,23:59,무료,0,0,,,,,,,,제주특별자치도 서귀포시청,064-760-4092,33.22842744,126.2413832,2022-04-25
406-2-000068,하모리 홍마트 북측 공영주차장,공영,노외,,제주특별자치도 서귀포시 대정읍 하모리 2143-12,11,2,미시행,평일+토요일+공휴일,00:00,23:59,00:00,23:59,00:00,23:59,무료,0,0,,,,,,,,제주특별자치도 서귀포시청,064-760-4092,33.220066,126.252586,2022-04-25
406-2-000069,서부종합사회복지관 남측 공영주차장,공영,노외,,제주특별자치도 서귀포시 대정읍 하모리 1173-1,34,2,미시행,평일+토요일+공휴일,00:00,23:59,00:00,23:59,00:00,23:59,무료,0,0,,,,,,,,제주특별자치도 서귀포시청,064-760-3132,33.223648,126.248055,2022-04-25
406-2-000070,남원 중앙동 공영주차장,공영,노외,,제주특별자치도 서귀포시 남원읍 남원리 141,48,2,미시행,평일+토요일+공휴일,00:00,23:59,00:00,23:59,00:00,23:59,무료,0,0,,,,,,,,제주특별자치도 서귀포시청,064-760-3132,33.278887,126.716856,2022-04-25
406-2-000071,동부보건소 공영주차장,공영,노외,,제주특별자치도 서귀포시 남원읍 남원리 2490-28,22,2,미시행,평일+토요일+공휴일,00:00,23:59,00:00,23:59,00:00,23:59,무료,0,0,,,,,,,,제주특별자치도 서귀포시청,064-760-6112,33.2754231277,126.7030554,2022-04-25
406-2-000072,섭지코지주차장,공영,노외,,제주특별자치도 서귀포시 성산읍 고성리 62-3,96,2,미시행,평일+토요일+공휴일,00:00,23:59,00:00,23:59,00:00,23:59,혼합,0,1000,15,500,,,,현금+신용카드,"①유공납세자(선정일로부터 1년간), 감면액 이상의 자원봉사마일리지 소지자, 장애정도가 심한 장애인 1일 1차례 3시간 면제, ②경차, 저공해차, 전기차, 4.3 희생자 및 유족 50 감면. ③최근 2년 이내 헌혈증 소지자, 장애정도가 심하지 않은 장애인, 국가유공자, 5.18민주유공자, 고엽제 후유의증 환자, 임산부, 다자녀가정, 의사상자, 장기등 기증자 1일 1차례 3시간 50 감면. 유료운영시간(08:30 ~ 20:30) 이외는 무료",제주특별자치도 서귀포시청,064-760-4282,33.42386248,126.9290133256,2022-04-25
406-2-000073,대정하모 공영노외1주차장,공영,노외,,제주특별자치도 서귀포시 대정읍 하모리 1444-2,46,2,미시행,평일+토요일+공휴일,00:00,23:59,00:00,23:59,00:00,23:59,혼합,30,1000,15,500,,,75000,신용,"①유공납세자(선정일로부터 1년간), 감면액 이상의 자원봉사마일리지 소지자, 장애정도가 심한 장애인 1일 1차례 3시간 면제, ②경차, 저공해차, 전기차, 4.3 희생자 및 유족 50 감면. ③최근 2년 이내 헌혈증 소지자, 장애정도가 심하지 않은 장애인, 국가유공자, 5.18민주유공자, 고엽제 후유의증 환자, 임산부, 다자녀가정, 의사상자, 장기등 기증자 1일 1차례 3시간 50 감면. 유료운영시간(평일 09:00 ~ 18:00) 이외는 무료",제주특별자치도 서귀포시청,064-760-3132,33.226524,126.251489,2022-04-25
406-2-000074,서귀서초등학교 인근 공영주차장,공영,노외,,제주특별자치도 서귀포시 서홍동 365-3,9,1,미시행,평일+토요일+공휴일,00:00,23:59,00:00,23:59,00:00,23:59,무료,0,0,,,,,,,,제주특별자치도 서귀포시청,064-760-3132,33.255173,126.555879,2022-04-25
406-2-000075,노블컨벤션 안쪽 공영주차장,공영,노외,,제주특별자치도 서귀포시 서홍동 322-5,29,1,미시행,평일+토요일+공휴일,00:00,23:59,00:00,23:59,00:00,23:59,무료,0,0,,,,,,,,제주특별자치도 서귀포시청,064-760-3132,33.258965,126.5582889,2022-04-25
406-2-000076,자산오차드힐 인근 남측 공영주차장,공영,노외,,제주특별자치도 서귀포시 서홍동 1588-10,5,1,미시행,평일+토요일+공휴일,00:00,23:59,00:00,23:59,00:00,23:59,무료,0,0,,,,,,,,제주특별자치도 서귀포시청,064-760-4749,33.261125,126.5543492,2022-04-25
406-2-000077,자산오차드힐 인근 북측 공영주차장,공영,노외,,제주특별자치도 서귀포시 서홍동 1597-4,9,1,미시행,평일+토요일+공휴일,00:00,23:59,00:00,23:59,00:00,23:59,무료,0,0,,,,,,,,제주특별자치도 서귀포시청,064-760-2972,33.261563,126.554694,2022-04-25
406-2-000078,건강나라 맞은편 공영주차장,공영,노외,,제주특별자치도 서귀포시 서홍동 345-14,107,1,미시행,평일+토요일+공휴일,00:00,23:59,00:00,23:59,00:00,23:59,무료,0,0,,,,,,,,제주특별자치도 서귀포시청,064-760-3132,33.25876322,126.5556918,2022-04-25
406-2-000079,중문초등학교 서측 공영주차장,공영,노외,,제주특별자치도 서귀포시 중문동 1971-2,7,1,미시행,평일+토요일+공휴일,00:00,23:59,00:00,23:59,00:00,23:59,무료,0,0,,,,,,,,제주특별자치도 서귀포시청,064-760-3072,33.251636,126.428184,2022-04-25
406-2-000080,중앙 공영노외1주차장,공영,노외,,제주특별자치도 서귀포시 서귀동 268-17,14,1,미시행,평일+토요일+공휴일,00:00,23:59,00:00,23:59,00:00,23:59,혼합,30,1000,15,500,,,100000,신용,"①유공납세자(선정일로부터 1년간), 감면액 이상의 자원봉사마일리지 소지자, 장애정도가 심한 장애인 1일 1차례 3시간 면제, ②경차, 저공해차, 전기차, 4.3 희생자 및 유족 50 감면. ③최근 2년 이내 헌혈증 소지자, 장애정도가 심하지 않은 장애인, 국가유공자, 5.18민주유공자, 고엽제 후유의증 환자, 임산부, 다자녀가정, 의사상자, 장기등 기증자 1일 1차례 3시간 50 감면. 유료운영시간(평일 09:00 ~ 18:00) 이외는 무료",제주특별자치도 서귀포시청,064-760-3132,33.251114,126.565451,2022-04-25
406-2-000081,천제연폭포 공영주차장,공영,노외,,제주특별자치도 서귀포시 중문동 2230,97,1,미시행,평일+토요일+공휴일,00:00,23:59,00:00,23:59,00:00,23:59,무료,0,0,,,,,,,,제주특별자치도 서귀포시청,064-760-6332,33.2532067,126.418764,2022-04-25
406-2-000082,천제연폭포 버스전용 공영주차장,공영,노외,,제주특별자치도 서귀포시 중문동 2231,21,1,미시행,평일+토요일+공휴일,00:00,23:59,00:00,23:59,00:00,23:59,무료,0,0,,,,,,,,제주특별자치도 서귀포시청,064-760-3132,33.25304291,126.4191565,2022-04-25
406-2-000083,남원 비안동 공영주차장,공영,노외,,제주특별자치도 서귀포시 남원읍 남원리 180,93,2,미시행,평일+토요일+공휴일,00:00,23:59,00:00,23:59,00:00,23:59,혼합,30,1000,15,500,,,75000,신용,"①유공납세자(선정일로부터 1년간), 감면액 이상의 자원봉사마일리지 소지자, 장애정도가 심한 장애인 1일 1차례 3시간 면제, ②경차, 저공해차, 전기차, 4.3 희생자 및 유족 50 감면. ③최근 2년 이내 헌혈증 소지자, 장애정도가 심하지 않은 장애인, 국가유공자, 5.18민주유공자, 고엽제 후유의증 환자, 임산부, 다자녀가정, 의사상자, 장기등 기증자 1일 1차례 3시간 50 감면. 유료운영시간(평일 09:00 ~ 18:00) 이외는 무료",제주특별자치도 서귀포시청,064-760-3132,33.280062,126.7183421,2022-04-25
406-2-000084,대륜서호 공영노외1주차장(고근산주차장),공영,노외,,제주특별자치도 서귀포시 서호동 1433,79,1,미시행,평일+토요일+공휴일,00:00,23:59,00:00,23:59,00:00,23:59,무료,0,0,,,,,,,,제주특별자치도 서귀포시청,064-760-4765,33.26367641,126.5110517131,2022-04-25
406-2-000085,세한교회 서측 공영주차장,공영,노외,,제주특별자치도 서귀포시 서홍동 1611,18,1,미시행,평일+토요일+공휴일,00:00,23:59,00:00,23:59,00:00,23:59,무료,0,0,,,,,,,,제주특별자치도 서귀포시청,064-760-3922,33.2636953548,126.554256,2022-04-25
406-2-000086,위미출장소 옆 공영주차장,공영,노외,,제주특별자치도 서귀포시 남원읍 위미리 2892,15,2,미시행,평일+토요일+공휴일,00:00,23:59,00:00,23:59,00:00,23:59,무료,0,0,,,,,,,,제주특별자치도 서귀포시청,064-760-2483,33.27501048,126.6585881,2022-04-25
406-2-000087,남원읍사무소 옆 공영주차장,공영,노외,,제주특별자치도 서귀포시 남원읍 남원리 205-1,20,2,미시행,평일+토요일+공휴일,00:00,23:59,00:00,23:59,00:00,23:59,무료,0,0,,,,,,,,제주특별자치도 서귀포시청,064-760-4146,33.2798959047,126.720606,2022-04-25
406-2-000088,대정하모 공영노외4주차장,공영,노외,,제주특별자치도 서귀포시 대정읍 하모리 861,40,2,미시행,평일+토요일+공휴일,00:00,23:59,00:00,23:59,00:00,23:59,혼합,30,1000,15,500,,,75000,신용,"①유공납세자(선정일로부터 1년간), 감면액 이상의 자원봉사마일리지 소지자, 장애정도가 심한 장애인 1일 1차례 3시간 면제, ②경차, 저공해차, 전기차, 4.3 희생자 및 유족 50 감면. ③최근 2년 이내 헌혈증 소지자, 장애정도가 심하지 않은 장애인, 국가유공자, 5.18민주유공자, 고엽제 후유의증 환자, 임산부, 다자녀가정, 의사상자, 장기등 기증자 1일 1차례 3시간 50 감면. 유료운영시간(평일 09:00 ~ 18:00) 이외는 무료",제주특별자치도 서귀포시청,064-760-3132,33.223353,126.2538151377,2022-04-25
406-2-000089,남원신례 공영노외1주차장,공영,노외,,제주특별자치도 서귀포시 남원읍 신례리 1044-1,64,2,미시행,평일+토요일+공휴일,00:00,23:59,00:00,23:59,00:00,23:59,무료,0,0,,,,,,,,제주특별자치도 서귀포시청,064-760-3132,33.288233,126.6275841,2022-04-25
406-2-000090,대륜법환 공영노외1주차장,공영,노외,,제주특별자치도 서귀포시 법환동 1279,16,1,미시행,평일+토요일+공휴일,00:00,23:59,00:00,23:59,00:00,23:59,무료,0,0,,,,,,,,제주특별자치도 서귀포시청,064-760-3132,33.236971,126.5109647987,2022-04-25
406-2-000091,월평마을도시재생사업 공영주차장,공영,노외,,제주특별자치도 서귀포시 월평동 410-1,10,1,미시행,평일+토요일+공휴일,00:00,23:59,00:00,23:59,00:00,23:59,무료,0,0,,,,,,,,제주특별자치도 서귀포시청,064-760-3132,33.24570658,126.4611258,2022-04-25
406-2-000092,성산일출봉 주변 녹지공간 조성 주차장(1),공영,노외,,제주특별자치도 서귀포시 성산읍 고성리 250-3,58,2,미시행,평일+토요일+공휴일,00:00,23:59,00:00,23:59,00:00,23:59,무료,0,0,,,,,,,,제주특별자치도 세계유산문화재부,064-710-6657,33.450526,126.922177,2022-04-25
406-2-000093,성산일출봉 주변 녹지공간 조성 주차장(2),공영,노외,,제주특별자치도 서귀포시 성산읍 고성리 263,223,2,미시행,평일+토요일+공휴일,00:00,23:59,00:00,23:59,00:00,23:59,무료,0,0,,,,,,,,제주특별자치도 세계유산문화재부,064-710-6657,33.455341,126.9255273,2022-04-25
406-2-000094,남원 광지동 공영주차장,공영,노외,,제주특별자치도 서귀포시 남원읍 남원리 1514-3,24,2,미시행,평일+토요일+공휴일,00:00,23:59,00:00,23:59,00:00,23:59,무료,0,0,,,,,,,,제주특별자치도 서귀포시청,064-760-4196,33.28146498,126.7090750142,2022-04-25
